"pk (S)","ElapsedTime (N)","EndTime (S)","LambdaStats (M)","MessageCount (N)","MessagesSent (N)","MessagesToSend (N)","SecondsPerMessage (N)","StartTime (S)","TestId (S)","IsFifo (BOOL)"
"SqsProcessor|702ffd3c-562f-4c9f-b9ac-59a07ccaf974","1690.6163","2020-12-18T20:10:57.1697073+00:00","{  ""ConcurrentExecutions"" : { ""N"" : ""4"" },  ""Duration"" : { ""N"" : ""1745.0025"" },  ""Invocations"" : { ""N"" : ""4"" }}","10","10","10","0.16906163000000002","2020-12-18T20:10:55.4790910+00:00","702ffd3c-562f-4c9f-b9ac-59a07ccaf974",
"SnsProcessor|702ffd3c-562f-4c9f-b9ac-59a07ccaf974","2220.4295","2020-12-18T20:10:57.6995205+00:00","{  ""ConcurrentExecutions"" : { ""N"" : ""10"" },  ""Duration"" : { ""N"" : ""1596.617"" },  ""Invocations"" : { ""N"" : ""10"" }}","10","10","10","0.22204295","2020-12-18T20:10:55.4790910+00:00","702ffd3c-562f-4c9f-b9ac-59a07ccaf974",
"SnsProcessor|455d981d-066f-40a8-96f4-089a6def706c","1651.9337","2020-12-18T20:23:09.6600597+00:00","{  ""ConcurrentExecutions"" : { ""N"" : ""10"" },  ""Duration"" : { ""N"" : ""1142.9099999999999"" },  ""Invocations"" : { ""N"" : ""10"" }}","10","10","10","0.16519337","2020-12-18T20:23:08.0081260+00:00","455d981d-066f-40a8-96f4-089a6def706c",
"SqsProcessor|455d981d-066f-40a8-96f4-089a6def706c","2640.4543","2020-12-18T20:23:10.6485803+00:00","{  ""ConcurrentExecutions"" : { ""N"" : ""4"" },  ""Duration"" : { ""N"" : ""1767.9850000000001"" },  ""Invocations"" : { ""N"" : ""4"" }}","10","10","10","0.26404543","2020-12-18T20:23:08.0081260+00:00","455d981d-066f-40a8-96f4-089a6def706c",
"SqsProcessor|7286b57c-f02e-4e70-8774-ece2f2462401","37827.276","2020-12-18T20:27:15.6928970+00:00","{  ""ConcurrentExecutions"" : { ""N"" : ""9"" },  ""Duration"" : { ""N"" : ""21.718050555420508"" },  ""Invocations"" : { ""N"" : ""2057"" }}","4000","4000","4000","0.009456819","2020-12-18T20:26:37.8656210+00:00","7286b57c-f02e-4e70-8774-ece2f2462401",
"SnsProcessor|7286b57c-f02e-4e70-8774-ece2f2462401","37997.3176","2020-12-18T20:27:15.8629386+00:00","{  ""ConcurrentExecutions"" : { ""N"" : ""24"" },  ""Duration"" : { ""N"" : ""20.591529997375"" },  ""Invocations"" : { ""N"" : ""4000"" }}","4000","4000","4000","0.009499329400000001","2020-12-18T20:26:37.8656210+00:00","7286b57c-f02e-4e70-8774-ece2f2462401",
"SqsProcessor|c2a955e3-872a-4b12-a949-b3f6cd9d1fc1","34463.3875","2020-12-18T20:30:30.4612865+00:00","{  ""ConcurrentExecutions"" : { ""N"" : ""8"" },  ""Duration"" : { ""N"" : ""10.9036904734127"" },  ""Invocations"" : { ""N"" : ""2016"" }}","4000","4000","4000","0.008615846875000001","2020-12-18T20:29:55.9978990+00:00","c2a955e3-872a-4b12-a949-b3f6cd9d1fc1",
"SnsProcessor|c2a955e3-872a-4b12-a949-b3f6cd9d1fc1","34490.7538","2020-12-18T20:30:30.4886528+00:00","{  ""ConcurrentExecutions"" : { ""N"" : ""21"" },  ""Duration"" : { ""N"" : ""9.158319997050004"" },  ""Invocations"" : { ""N"" : ""4000"" }}","4000","4000","4000","0.00862268845","2020-12-18T20:29:55.9978990+00:00","c2a955e3-872a-4b12-a949-b3f6cd9d1fc1",
"SqsProcessor|801dabc2-f7d4-4bd9-8384-bad596b14fb5","1961.6801","2020-12-18T20:33:06.4210601+00:00","{  ""ConcurrentExecutions"" : { ""N"" : ""5"" },  ""Duration"" : { ""N"" : ""79.58761904761906"" },  ""Invocations"" : { ""N"" : ""21"" }}","100","100","100","0.019616801","2020-12-18T20:33:04.4593800+00:00","801dabc2-f7d4-4bd9-8384-bad596b14fb5",
"SnsProcessor|801dabc2-f7d4-4bd9-8384-bad596b14fb5","1967.3133","2020-12-18T20:33:06.4266933+00:00","{  ""ConcurrentExecutions"" : { ""N"" : ""18"" },  ""Duration"" : { ""N"" : ""47.80920000000001"" },  ""Invocations"" : { ""N"" : ""100"" }}","100","100","100","0.019673133","2020-12-18T20:33:04.4593800+00:00","801dabc2-f7d4-4bd9-8384-bad596b14fb5",
"SqsProcessor|6efd2a95-4348-4f3c-a7b4-03fa22ea7b14","8630.096","2020-12-18T20:35:42.5144450+00:00","{  ""ConcurrentExecutions"" : { ""N"" : ""6"" },  ""Duration"" : { ""N"" : ""13.310767441162781"" },  ""Invocations"" : { ""N"" : ""430"" }}","1000","1000","1000","0.008630096","2020-12-18T20:35:33.8843490+00:00","6efd2a95-4348-4f3c-a7b4-03fa22ea7b14",
"SnsProcessor|6efd2a95-4348-4f3c-a7b4-03fa22ea7b14","9476.4302","2020-12-18T20:35:43.3607792+00:00","{  ""ConcurrentExecutions"" : { ""N"" : ""15"" },  ""Duration"" : { ""N"" : ""9.42990999879998"" },  ""Invocations"" : { ""N"" : ""1000"" }}","1000","1000","1000","0.0094764302","2020-12-18T20:35:33.8843490+00:00","6efd2a95-4348-4f3c-a7b4-03fa22ea7b14",
"SqsProcessor|62df1e23-5c64-416b-a226-54c26a668d3e","1355.8103","2020-12-18T20:38:42.6302773+00:00","{  ""ConcurrentExecutions"" : { ""N"" : ""1"" },  ""Duration"" : { ""N"" : ""143.88"" },  ""Invocations"" : { ""N"" : ""2"" }}","10","10","10","0.13558103","2020-12-18T20:38:41.2744670+00:00","62df1e23-5c64-416b-a226-54c26a668d3e","true"
"SqsProcessor|50ef71dc-17a6-4bc0-bb84-01cb7f37dad9","2422.8098","2020-12-18T20:41:32.5551528+00:00","{  ""ConcurrentExecutions"" : { ""N"" : ""1"" },  ""Duration"" : { ""N"" : ""65.87"" },  ""Invocations"" : { ""N"" : ""11"" }}","100","100","100","0.024228098","2020-12-18T20:41:30.1323430+00:00","50ef71dc-17a6-4bc0-bb84-01cb7f37dad9","true"
"SqsProcessor|4b979086-9d99-456f-854d-4ad3ed190672","8913.9717","2020-12-18T20:43:53.6945307+00:00","{  ""ConcurrentExecutions"" : { ""N"" : ""1"" },  ""Duration"" : { ""N"" : ""22.725321100917423"" },  ""Invocations"" : { ""N"" : ""109"" }}","1000","1000","1000","0.008913971699999999","2020-12-18T20:43:44.7805590+00:00","4b979086-9d99-456f-854d-4ad3ed190672","true"
"SqsProcessor|96f23175-a51b-4d89-87ba-735df0b7175e","34189.7895","2020-12-18T20:46:51.1311015+00:00","{  ""ConcurrentExecutions"" : { ""N"" : ""1"" },  ""Duration"" : { ""N"" : ""13.642880433695641"" },  ""Invocations"" : { ""N"" : ""552"" }}","4000","4000","4000","0.008547447375000001","2020-12-18T20:46:16.9413120+00:00","96f23175-a51b-4d89-87ba-735df0b7175e","true"
